{
    "name": "root",
    "gauges": {
        "DogBrain.Policy.Entropy.mean": {
            "value": 1.4190425872802734,
            "min": 1.4189385175704956,
            "max": 1.4190425872802734,
            "count": 13
        },
        "DogBrain.Environment.EpisodeLength.mean": {
            "value": 199.2,
            "min": 149.85,
            "max": 224.28571428571428,
            "count": 13
        },
        "DogBrain.Policy.ExtrinsicValueEstimate.mean": {
            "value": 0.26894426345825195,
            "min": 0.19614438712596893,
            "max": 0.291891872882843,
            "count": 13
        },
        "DogBrain.Environment.CumulativeReward.mean": {
            "value": 1.1856829543908438,
            "min": 0.8821928696706891,
            "max": 1.6069860862834113,
            "count": 13
        },
        "DogBrain.Policy.ExtrinsicReward.mean": {
            "value": 1.1856829543908438,
            "min": 0.8821928696706891,
            "max": 1.6069860862834113,
            "count": 13
        },
        "DogBrain.IsTraining.mean": {
            "value": 1.0,
            "min": 1.0,
            "max": 1.0,
            "count": 13
        },
        "DogBrain.Losses.ValueLoss.mean": {
            "value": 0.08288171887397766,
            "min": 0.08288171887397766,
            "max": 0.08288171887397766,
            "count": 1
        },
        "DogBrain.Losses.PolicyLoss.mean": {
            "value": 0.0255801510065794,
            "min": 0.0255801510065794,
            "max": 0.0255801510065794,
            "count": 1
        },
        "DogBrain.Policy.LearningRate.mean": {
            "value": 0.0002969141642097384,
            "min": 0.0002969141642097384,
            "max": 0.0002969141642097384,
            "count": 1
        },
        "DogBrain.Policy.Epsilon.mean": {
            "value": 0.19897137582302094,
            "min": 0.19897137582302094,
            "max": 0.19897137582302094,
            "count": 1
        },
        "DogBrain.Policy.Beta.mean": {
            "value": 0.00494867330417037,
            "min": 0.00494867330417037,
            "max": 0.00494867330417037,
            "count": 1
        }
    },
    "metadata": {
        "timer_format_version": "0.1.0",
        "start_time_seconds": "1632142048",
        "python_version": "3.6.13 |Anaconda, Inc.| (default, Mar 16 2021, 11:37:27) [MSC v.1916 64 bit (AMD64)]",
        "command_line_arguments": "C:\\Users\\nakat\\anaconda3\\envs\\ml-agents\\Scripts\\mlagents-learn ./config/sample/DogBrain.yaml --run-id=DogBrain-ppo-1--env=DogBrain",
        "mlagents_version": "0.17.0",
        "mlagents_envs_version": "0.17.0",
        "communication_protocol_version": "1.0.0",
        "tensorflow_version": "2.4.1",
        "end_time_seconds": "1632142237"
    },
    "total": 189.6562365,
    "count": 1,
    "self": 0.027997300000009773,
    "children": {
        "run_training.setup": {
            "total": 0.1172707,
            "count": 1,
            "self": 0.1172707
        },
        "TrainerController.start_learning": {
            "total": 189.5109685,
            "count": 1,
            "self": 6.233526499999414,
            "children": {
                "TrainerController._reset_env": {
                    "total": 28.1143266,
                    "count": 1,
                    "self": 28.1143266
                },
                "TrainerController.advance": {
                    "total": 154.7016146000006,
                    "count": 3616,
                    "self": 0.11699850000113088,
                    "children": {
                        "env_step": {
                            "total": 154.58461609999947,
                            "count": 3616,
                            "self": 144.56795220000083,
                            "children": {
                                "SubprocessEnvManager._take_step": {
                                    "total": 9.894670999998954,
                                    "count": 3616,
                                    "self": 0.37167409999815604,
                                    "children": {
                                        "NNPolicy.evaluate": {
                                            "total": 9.522996900000798,
                                            "count": 3427,
                                            "self": 9.522996900000798
                                        }
                                    }
                                },
                                "workers": {
                                    "total": 0.12199289999966467,
                                    "count": 3615,
                                    "self": 0.0,
                                    "children": {
                                        "worker_root": {
                                            "total": 160.2157677999996,
                                            "count": 3615,
                                            "is_parallel": true,
                                            "self": 31.078809599999147,
                                            "children": {
                                                "steps_from_proto": {
                                                    "total": 0.0010256,
                                                    "count": 1,
                                                    "is_parallel": true,
                                                    "self": 0.000357,
                                                    "children": {
                                                        "_process_vector_observation": {
                                                            "total": 0.0006686,
                                                            "count": 2,
                                                            "is_parallel": true,
                                                            "self": 0.0006686
                                                        }
                                                    }
                                                },
                                                "UnityEnvironment.step": {
                                                    "total": 129.13593260000047,
                                                    "count": 3615,
                                                    "is_parallel": true,
                                                    "self": 1.2618229999998931,
                                                    "children": {
                                                        "UnityEnvironment._generate_step_input": {
                                                            "total": 1.9135186000004627,
                                                            "count": 3615,
                                                            "is_parallel": true,
                                                            "self": 1.9135186000004627
                                                        },
                                                        "communicator.exchange": {
                                                            "total": 122.28305979999973,
                                                            "count": 3615,
                                                            "is_parallel": true,
                                                            "self": 122.28305979999973
                                                        },
                                                        "steps_from_proto": {
                                                            "total": 3.67753120000039,
                                                            "count": 3615,
                                                            "is_parallel": true,
                                                            "self": 0.9248607999992262,